symbol,narrativa
$5scape,
$babydogeinu,
$bbook,
$boner,
$boys,
$brett,
$cosmic,
$crypton,
$dorab,
$fish,
$floppa,
$giga,
$gini,
$haram,
$inr,
$jeet,
$jones,
$juice,
$kmc,
$luna,
$mecha,
$ninja,
$otty,
$peow,
$retire,
$rocky,
$serious,
$shepe,
$shibk,
$skullcat,
$tos,
$weapon,
$xcastr,
0xc,
1000bonk,
1000cat,
1000cheems,
1000sats,
1000troll,
1cat,
1eth,
1mbabydoge,
1mil,
1mt,
1rt,
1rusd,
1sol,
2080,
21x,
2crv,
5tars,
9-5,
9inch,
9mm,
@btc25,
a1inch,
aaave,
aageur,
aai,
aammbptbalweth,
aammuniaaveweth,
aammunibatweth,
aammunilinkweth,
aammunimkrweth,
aapl.d,
aarb,
aark,
aast,
abc,
abcphar,
abel,
abey,
ac,
acbeth,
ace,
acrv,
adai,
adf,
adpi,
aens,
aeurs,
afc,
afg,
afrax,
afro,
afsui,
aga,
agata,
aghst,
agi,
agii,
agn,
ago,
agrf,
ai,
ai.com,
ai3,
aia,
aiai,
aicell,
aicode,
aicr,
aie,
aih,
ainn,
ainu,
aipepe,
aipo,
airbtc,
airt,
airtnt,
aita,
akita,
akitax,
akt,
akta,
aldo,
alt,
alusd,
am3crv,
amaticx,
amazingteam,
amber,
ambr,
amc,
america,
ami,
amino,
amkr,
amon,
ampkuji,
ampwhale,
amt,
anarchy,
anb,
andwu,
andy,
angryslerf,
anim,
anima,
ankrbnb,
ankrflow,
ankrftm,
anml,
anok,
ans,
ant,
apc,
ape,
apepe,
apetardio,
apewifhat,
apex,
apollo,
appa,
apra,
apugurl,
apx,
aquagoat,
arab,
arbuz,
archive,
aren,
areth,
ark,
arker,
arks,
arky,
army,
arpl,
arqx,
ars,
art,
asdai,
asnx,
aso,
ass,
aster,
astg,
astmatic,
astros,
astx,
asva,
atem,
ateth,
ath,
athx,
atk,
atmt,
atrs,
au,
audt,
auni,
ausd,
ausdt,
autumn,
aux,
ava,
avacn,
avax,
avn,
awbtc,
awp,
awsteth,
awt,
axsushi,
ayfi,
az,
azrx,
baby,
babyag,
babybnbtig,
babybonk,
babycat,
babydoge,
babydogecash,
babykitty,
babypeipei,
babyshark,
babyshibainu,
bac,
badcat,
bag,
baked,
bana,
banana,
bara,
barb,
base,
based,
bbf,
bbrett,
bbtc,
bbusd,
bc,
bcat,
bceto,
bch,
bclat,
bcn,
bcoq,
bcpi,
bcro,
bd20,
beans,
beardy,
bepe,
bergerdoge,
beth,
bets,
binancedog,
bips,
bitcoin,
bjr,
blast,
bleo,
bling,
bnb,
bnbtiger,
bnx,
boam,
boba,
bobo,
bolt,
bomb,
bombo,
bone,
bonfire,
bonk 2.0,
bonke,
bonzi,
boom,
bope,
boss,
botc,
brain,
brainlet,
brcst,
brett,
brly,
brokie,
bruv,
brz,
bsg,
bshib,
btc,
btc.b,
btce,
btcinu,
btcs,
btct,
buddy,
bull,
burger,
business,
butt,
byat,
byin,
c4,
cadinu,
cal,
camly,
can,
candy,
capri,
capy,
car,
cas,
cat,
cata,
catgold,
catman,
catstr,
catton,
cbdc,
cbe,
cbg,
cbr,
cbtm,
ccc,
ccfi,
ccs,
cdn,
cds,
cec,
cennz,
cerus,
cetes,
cft,
cfx,
cfxq,
cgntsol,
cgpu,
cgs,
chad,
chaincade,
cher,
chess,
chilly,
chiln,
chippy,
chmpz,
chrett,
cht,
chuck,
chwy,
cif,
ciotx,
cix,
clbk,
clot,
cloud,
clown,
clutch,
cms,
cneta,
cnr,
coc,
cock,
coco,
cocoro,
coffee,
collar,
collect,
concho,
core,
cosg,
coshi,
cosmic,
cow,
cpc,
cprx,
crbrus,
creta,
crfi,
cric,
cro,
croak,
crob,
croc,
crof,
croge,
crona,
cronk,
cronon,
crow,
crs,
crt,
crux,
crvfrax,
crvrenwsbtc,
crypto,
crystal,
cst,
cswap,
ctb,
ctg,
cthulhu,
ctk,
ctoshi,
ctp,
ctr,
cty,
cult,
cvn,
cvshot,
cvtx,
cwr,
cybonk,
cypepe,
d2x,
daapl,
dai-matic,
dal,
damzn,
daop,
daosol,
daot,
dap,
dapp,
dappx,
dara,
daram,
darc,
dark,
darkk,
dbit,
dbnb,
dbuy,
dcloud,
dcoin,
dd,
ddd,
ddmt,
dec,
deci,
deer,
defy,
degen,
dek,
delrey,
delta,
derp,
dew,
dex,
dexed,
dextr,
dfi,
dft,
dfv,
dgld,
dgoogl,
dgtx,
dhn,
digau,
digi,
dilly,
din,
dinger,
dino,
dinoshi,
dinosol,
dinu,
dirty,
djbonk,
djt,
dks,
dlord,
dms,
dmx,
dnode,
dobo,
dofi,
dogai,
dogc,
doge-1,
doge-1sat,
doge2,
doge2.0,
doge20,
dogeai,
dogeceo,
dogecube,
dogefood,
dogeking,
dogga,
dogggo,
doggo,
doggs,
dogpad,
dogs,
dogsrock,
dogwifhat,
dogz,
dom,
dong,
dongo,
donk,
donke,
donki,
dons,
doodoo,
dook,
dopa,
dork,
dorkl,
dosu,
dpx,
drac,
draggy0x62,
dragy,
drc,
dtbx,
duck,
ducker,
duge,
duk,
dung,
durth,
dust,
dwain,
dwp,
dxb,
dyno,
dyor,
dzhv,
earn,
earnm,
eave,
ebso,
eca,
ecl,
ecp,
edc,
edel,
edoge,
eg,
egg,
eggs,
ele,
elonone,
eoth,
epay,
eq,
eq9,
eric,
esc,
ess,
eternal,
eth,
eth2,
ethc,
ethdown,
exaop,
ez,
fac,
factory,
fatcat,
fatguy,
fcr,
fentanyl,
fil,
fine,
fire,
fiw,
flashdash,
floki,
flokicash,
flokis,
floop,
flrbrg,
flth,
flx,
fly,
fncy,
focai,
fofar,
fofo,
fog,
food,
fool,
freco,
fren,
frogdog,
fry,
ftw,
fu,
fufu,
fund,
fxi,
galgo,
gamer,
games,
gami,
gbtc,
gburn,
gbx,
gcat,
gcoti,
gcr,
gec,
genie,
geno,
genx,
ger,
geth,
gfusdt,
ggp,
gict,
gif,
giff,
giga,
gigachad,
ginger,
gleek,
glide,
glint,
gme,
gmmt,
gnft,
gnome,
gnomy,
gnp,
goat,
gobtc,
gode,
gohm,
goku,
gol,
gold,
goldcat,
googl.d,
gp,
gptplus,
gptv,
gptw,
gpu,
gpus,
gqb,
gr,
gracy,
gramp,
grd,
gro,
grok ai,
grokcat,
groove,
groq,
grow,
grve,
grw,
gs,
gsys,
gtrok,
gttm,
guard,
gwbtc,
gwgw,
gyfi,
gyoshi,
h2o,
h2on,
habibi,
hachi,
hai,
halo,
ham,
hanep,
hank,
happi,
hard,
hare,
hay,
hbd,
hbdc,
hbit,
hbr,
hdl,
hdrn,
hect,
hedg,
hedge,
heli,
her,
hera,
hero,
heth,
hewe,
hex,
hexdc,
hez,
hf,
hi,
hide,
hif,
high,
hilo,
hinu,
hip,
hkc,
hkd,
hmd,
hmkr,
hms,
hny,
hoba,
hobbes,
hom,
homie,
honk,
hoodie,
hope,
hoppy,
hosky,
hotdoge,
hov,
howdy,
hrld,
hsf,
hsol,
hta,
htd,
htn,
hton,
htp,
hwl,
hwt,
hype,
hzn,
ibeth,
ibtc,
ic,
icc,
ice,
icpi,
icy,
idk,
idletusdyield,
idleusdtyield,
ido,
ieth,
ifarm,
igup,
ihf,
ilc,
illusion,
ilum,
im,
imaro,
imgnai,
immo,
imt,
insn,
intx,
iobusd,
ioen,
iron,
iset-84e55e,
isikc,
island,
isme,
itam,
itc,
item,
itx,
ivip,
iwt,
ix,
ixir,
iykyk,
iza,
jason,
jchf,
jdc,
jefe,
jeff,
jelli,
jeur,
jfive,
jglp,
jimmy,
jizz,
jj,
jngl,
job,
joel,
joey,
jogeco,
jojo,
joker,
jolt,
jovjou,
jp,
jpg,
jpyc,
jsol,
juc,
jugni,
jum,
jumbo,
jungle,
junior,
jyc,
kabosu,
kaki,
karen,
kbc,
kid,
kingbonk,
kiteai,
kiwi,
klay,
knight,
knot,
know,
kol,
korea,
krazy,
krett,
krn,
ksn,
kurbi,
kus,
kwh,
l,
labi,
laptop,
law,
lbr,
ldoge,
legld,
lenfi,
lf,
lfg,
lfit,
lfnty,
lgx,
lico,
light,
lion,
liqd,
live,
llama,
long,
lost,
lovesnoopy,
lpool,
lsd,
lshare,
ltrbt,
lum,
lunc,
lvva,
lyk,
lyptus,
lyum,
m-btc,
m-usdc,
maaave,
mad,
mag,
maga,
mai,
major,
mall,
maru,
marvin,
maxi,
mcake,
mcc,
mdbl,
mdegen,
mdi,
meat,
meeb,
melos,
mem,
meta.d,
metadoge,
metamoon,
metx,
mia,
mice,
miidas,
milei,
mim,
mimatic,
minky,
mis,
mmtr,
moneybee,
moni,
monkeys,
mono,
mononoke-inu,
moon,
moonarch,
moonion,
mork,
mot,
motg,
moya,
mpix,
mpwr,
msft.d,
mtbc,
mtc,
mtg,
mua,
muln,
musd,
myus,
nai,
nao,
nbot,
nbs,
nct,
near,
ned,
neng,
nerds,
net,
neta,
neutro,
newb,
newm,
nflx.d,
ngtg$$,
nikepig,
ninja,
nms,
nos,
note,
nrdc,
nut,
nuts,
nvda.d,
nvx,
nwg,
ocb,
ogz,
ome,
openli,
oracle,
oracler,
orbi,
orym,
out,
owbtc,
oxl,
palai,
panda,
pants,
payu,
pbirb,
pbux,
pc,
peipei,
pen,
people,
pepa,
pepeblue,
pepebnbs,
pepedoge,
pets,
pin,
plsr,
polis,
polycub,
polygold,
pork,
ppt,
prco,
prime,
propht,
psb,
ptas,
pube,
pump,
putni,
pxeth,
pypl.d,
qi,
qin,
qto,
quipu,
r34p,
rapr,
rawr,
rbtc,
rdo,
reap,
rect,
redu,
retard,
retik,
retro,
rewd,
rfx,
rice,
rich,
rizz,
rlm,
roar,
rock,
rocket,
rocky,
rog,
roger,
roids,
rond,
rosa,
rrt,
rsn,
rso,
rtk,
rto,
rtr,
rvl,
rvsl,
rwd,
ryo,
ryze,
rz,
rzusd,
sabaka inu,
sac,
sacra,
safe,
samowif,
sape,
sarch,
sauce,
sauceinu,
saudibonk,
saudipepe,
sbf,
sc20,
scie,
scotty,
scrap,
scriv,
sdai,
sdg,
sdoge,
seat,
seeded,
sef,
sena,
senso,
sex,
sfg,
sfi,
shares,
shc2,
sheesh,
shei,
shen,
shib,
shiba,
shibai,
shibaken,
shibanft,
shibarmy,
shibceo,
shibemp,
shiko,
shin,
shinji,
shisha,
shit,
shiv,
shl,
shoe,
shog,
shon,
shping,
shredn,
shrimp,
simpson,
sispop,
sklay,
sliz,
slnd,
sluglord,
smart,
smartnft,
smr,
smrt,
smurf,
sns,
soku,
solana,
solawave,
solpad,
solzilla,
spaces,
speed,
spt,
spy.d,
srp,
sshib,
sst,
stable,
stamp,
stbz,
sti,
stship,
stumee,
sundae,
suzume,
sweep,
t23,
tal,
tanuki,
tao,
tear,
tenshi,
tes,
tips,
titan,
tln,
tom,
totem,
trace,
trcon,
trim,
trsy,
trt,
truck,
trump,
truth,
truu,
tsugt,
ubi,
ubtc,
ucit,
ultima,
ultra,
usa,
usd+,
usd0++,
usda,
usdc,
usdc.e,
usdt,
usdt.e,
usedcar,
usedphone,
usfr.d,
ush,
ushiba,
uspepe,
vape,
vark,
vcc,
vest,
vibes,
vica,
voya,
vts,
w,
w3n,
wavax[hts],
wbc,
wbfc,
wbone,
wbtc,
wch,
web4,
wec,
wedu,
welle,
wen,
weth,
wethw,
wfil,
wflm,
wflow,
wftn,
wg,
wglq,
white,
wif,
wifedoge,
wifsa,
wiotx,
wmetis,
wolf,
wrss3,
wscrt,
wsteth,
wton,
wusdr,
wwd,
wwdoge,
wxdc,
xarch,
xatom,
xezeth,
xhopr,
xjkl,
xmt,
xnet,
xsauce,
xusdc,
xyxyx,
y2k,
ye,
yfih2,
yield,
yikes,
yoco,
yvaave,
yvhegic,
zbc,
zed,
zoc,
ðŸ’¥,
